query,subreddit,id,title,author,created,score,num_comments,url,permalink
"bitcoin trading",waasssupcrypto,1ls7ung,"Bitcoin trading volume on Solana",Chain_Chonk,2025-07-05T11:36:03.000Z,3,0,https://i.redd.it/gfuk2cw3l1bf1.jpeg,https://reddit.com/r/waasssupcrypto/comments/1ls7ung/bitcoin_trading_volume_on_solana/
"bitcoin trading",btc,1lsw79g,"Bitcoin Cash City Trade Mark Decision &amp; Summary",CryptoStrategies,2025-07-06T08:21:40.000Z,7,2,https://bitcoincashcity.com/bitcoin-cash-city-trade-mark-decision-summary/,https://reddit.com/r/btc/comments/1lsw79g/bitcoin_cash_city_trade_mark_decision_summary/
"bitcoin trading",Bitcoincash,1lsw8i7,"Bitcoin Cash City Trade Mark Decision &amp; Summary",CryptoStrategies,2025-07-06T08:24:01.000Z,7,0,https://bitcoincashcity.com/bitcoin-cash-city-trade-mark-decision-summary/,https://reddit.com/r/Bitcoincash/comments/1lsw8i7/bitcoin_cash_city_trade_mark_decision_summary/
"bitcoin trading",OrderFlow_Trading,1lrxnh1,"Anyone here successfully use Bookmap for trading Bitcoin?",IndependenceWay,2025-07-05T00:39:25.000Z,3,1,https://www.reddit.com/r/OrderFlow_Trading/comments/1lrxnh1/anyone_here_successfully_use_bookmap_for_trading/,https://reddit.com/r/OrderFlow_Trading/comments/1lrxnh1/anyone_here_successfully_use_bookmap_for_trading/
"bitcoin trading",Daytrading,1lrxnfe,"Anyone here successfully use Bookmap for trading Bitcoin?",IndependenceWay,2025-07-05T00:39:21.000Z,2,1,https://www.reddit.com/r/Daytrading/comments/1lrxnfe/anyone_here_successfully_use_bookmap_for_trading/,https://reddit.com/r/Daytrading/comments/1lrxnfe/anyone_here_successfully_use_bookmap_for_trading/
"bitcoin trading",CryptoNews,1ls6dyo,"Bitcoin trading on Solana just hit quarterly all-time high.",coinpediafintech,2025-07-05T09:59:32.000Z,2,0,https://i.redd.it/ca0jm7lw31bf1.jpeg,https://reddit.com/r/CryptoNews/comments/1ls6dyo/bitcoin_trading_on_solana_just_hit_quarterly/
"bitcoin trading",Bitcoin,1lq6j4a,"Bitcoin Trading game",KasperGHh,2025-07-02T20:32:35.000Z,2,1,https://atfundum.itch.io/bitcoingame,https://reddit.com/r/Bitcoin/comments/1lq6j4a/bitcoin_trading_game/
"bitcoin trading",StockMarketIndia,1lrfv5a,"My Bitcoin Trades Today",SorbetSevere569,2025-07-04T10:55:34.000Z,2,1,https://i.redd.it/fd8mp4tz8uaf1.jpeg,https://reddit.com/r/StockMarketIndia/comments/1lrfv5a/my_bitcoin_trades_today/
"bitcoin trading",Daytrading,1lrc493,"Made good money today with trading bitcoin (strategy breakdown inside)",Alone97x,2025-07-04T06:49:44.000Z,32,5,https://www.reddit.com/gallery/1lrc493,https://reddit.com/r/Daytrading/comments/1lrc493/made_good_money_today_with_trading_bitcoin/
"bitcoin trading",cryptoddler,1lryrd6,"Solana Emerges as a Leading Hub for Decentralized Bitcoin Trading in Q2 2025",Bee_Greatz,2025-07-05T01:44:41.000Z,3,0,https://www.reddit.com/r/cryptoddler/comments/1lryrd6/solana_emerges_as_a_leading_hub_for_decentralized/,https://reddit.com/r/cryptoddler/comments/1lryrd6/solana_emerges_as_a_leading_hub_for_decentralized/
"bitcoin trading",CryptoReferrals,1lt2a2e,"Kraken Canada - Earn $100 CAD in Bitcoin when you trade $200 CAD Code: 48kjfgb5",fullscorpio,2025-07-06T14:15:38.000Z,2,0,https://v.redd.it/7uxt1vgii9bf1,https://reddit.com/r/CryptoReferrals/comments/1lt2a2e/kraken_canada_earn_100_cad_in_bitcoin_when_you/
"bitcoin trading",Bitcoin,1lpvnaz,"Germanyâ€™s Largest Banking Group Sparkassen to Launch Bitcoin Trading",No-Comparison-9307,2025-07-02T13:18:28.000Z,53,7,https://bitcoinnews.com/adoption/germany-sparkassen-bitcoin-trading/,https://reddit.com/r/Bitcoin/comments/1lpvnaz/germanys_largest_banking_group_sparkassen_to/
"bitcoin trading",Superstonk,1lpdezv,"Collector finds one Bitcoin in a $33 trading card pack at GameStop ðŸ”¥ðŸ”¥ðŸ”¥",zafferous,2025-07-01T21:04:10.000Z,4170,100,https://i.redd.it/nbkfvrduubaf1.jpeg,https://reddit.com/r/Superstonk/comments/1lpdezv/collector_finds_one_bitcoin_in_a_33_trading_card/
"bitcoin trading",btc,1lr7eiu,"Noel Lovisa's opposition to Bitcoin Cash City trade mark fails on all grounds - Ordered to pay costs",CryptoStrategies,2025-07-04T02:18:20.000Z,10,13,https://i.redd.it/xujkehaioraf1.png,https://reddit.com/r/btc/comments/1lr7eiu/noel_lovisas_opposition_to_bitcoin_cash_city/
"bitcoin trading",DeepFuckingValue,1lql1ag,"Publicly Traded Companies have purchased more Bitcoin $BTC than ETFs for the 3rd consecutive quarter ðŸ‘€",TestWorth9634,2025-07-03T09:15:49.000Z,18,0,https://i.redd.it/ngqvbk7ammaf1.jpeg,https://reddit.com/r/DeepFuckingValue/comments/1lql1ag/publicly_traded_companies_have_purchased_more/
"bitcoin trading",Avax,1lq6rh7,"Itâ€™s Real - Mitsubishi is adding Bitcoin trading to itâ€™s 100m user reward points app (an Avax L1)",thelaboredclerk,2025-07-02T20:41:57.000Z,29,5,https://i.redd.it/sd0n5ihsviaf1.jpeg,https://reddit.com/r/Avax/comments/1lq6rh7/its_real_mitsubishi_is_adding_bitcoin_trading_to/
"bitcoin trading",cryptoddler,1lqbtqm,"Bitcoin Surges to $109K on ETF Flows, Corporate Buying, and Trade Deal Momentum",yumyum0826,2025-07-03T00:24:28.000Z,2,0,https://www.reddit.com/r/cryptoddler/comments/1lqbtqm/bitcoin_surges_to_109k_on_etf_flows_corporate/,https://reddit.com/r/cryptoddler/comments/1lqbtqm/bitcoin_surges_to_109k_on_etf_flows_corporate/
"bitcoin trading",Bookmap,1lpkyal,"Best way to use Bookmap, for swing trading Bitcoin? (getting best entries at top / bottom)",IndependenceWay,2025-07-02T02:52:26.000Z,2,1,https://www.reddit.com/r/Bookmap/comments/1lpkyal/best_way_to_use_bookmap_for_swing_trading_bitcoin/,https://reddit.com/r/Bookmap/comments/1lpkyal/best_way_to_use_bookmap_for_swing_trading_bitcoin/
"bitcoin trading",Bitcoin,1lt3cy4,"BTC  Might go higher and higher soon?",PlatformPatient6225,2025-07-06T15:02:50.000Z,103,48,https://i.redd.it/j1vx1b6pq9bf1.jpeg,https://reddit.com/r/Bitcoin/comments/1lt3cy4/btc_might_go_higher_and_higher_soon/
"bitcoin trading",CryptoCurrencyClassic,1lrruwk,"The BTC futures market is now 6 times the size of how much actual BTC is traded. Futures will soon represent more BTC than what actually exists. Thoughts? (x-post from /r/Bitcoin)",ASICmachine,2025-07-04T19:56:03.000Z,2,0,https://www.reddit.com/r/Bitcoin/comments/1lrrg7k/the_btc_futures_market_is_now_6_times_the_size_of/,https://reddit.com/r/CryptoCurrencyClassic/comments/1lrruwk/the_btc_futures_market_is_now_6_times_the_size_of/
"bitcoin trading",Bitcoin,1ls5xeb,"Bitcoin helps you save not just spend",Waste_Progress3877,2025-07-05T09:26:21.000Z,17,4,https://www.reddit.com/r/Bitcoin/comments/1ls5xeb/bitcoin_helps_you_save_not_just_spend/,https://reddit.com/r/Bitcoin/comments/1ls5xeb/bitcoin_helps_you_save_not_just_spend/
"bitcoin trading",Bitcoin,1ls5ld4,"Bitcoin Surges 118% Since September 2024 Driven by Exchange Outflows into ETF market",Green_Candler,2025-07-05T09:02:53.000Z,8,2,https://www.ainvest.com/news/bitcoin-surges-118-september-2024-driven-exchange-outflows-2507/,https://reddit.com/r/Bitcoin/comments/1ls5ld4/bitcoin_surges_118_since_september_2024_driven_by/
"bitcoin trading",BitgetReddit,1ls3gd4,"Memecore M",Impressive-Engine822,2025-07-05T06:36:21.000Z,2,0,https://i.redd.it/j53sqlun30bf1.jpeg,https://reddit.com/r/BitgetReddit/comments/1ls3gd4/memecore_m/
"bitcoin trading",Bitcoin,1lrz7zz,"If Bitcoin is money, why is spending it a taxable event?",PeakyBlinders3,2025-07-05T02:12:07.000Z,338,244,https://www.reddit.com/r/Bitcoin/comments/1lrz7zz/if_bitcoin_is_money_why_is_spending_it_a_taxable/,https://reddit.com/r/Bitcoin/comments/1lrz7zz/if_bitcoin_is_money_why_is_spending_it_a_taxable/
"bitcoin trading",CryptoMarkets,1ls1eyr,"Nothing in the crypto world has real... Utility",Suspicious_Rule_3702,2025-07-05T04:25:15.000Z,51,178,https://www.reddit.com/r/CryptoMarkets/comments/1ls1eyr/nothing_in_the_crypto_world_has_real_utility/,https://reddit.com/r/CryptoMarkets/comments/1ls1eyr/nothing_in_the_crypto_world_has_real_utility/
